{
    "epoch": 3.0,
    "eval_accuracy": 0.9231360554695129,
    "eval_confusion_matrix_no_no": 1134,
    "eval_confusion_matrix_no_yes": 38,
    "eval_confusion_matrix_yes_no": 62,
    "eval_confusion_matrix_yes_yes": 67,
    "eval_fscore_no": 0.9577702702702703,
    "eval_fscore_yes": 0.5726495726495726,
    "eval_loss": 0.23595178127288818,
    "eval_precision_no": 0.9481605351170569,
    "eval_precision_yes": 0.638095238095238,
    "eval_recall_no": 0.9675767918088737,
    "eval_recall_yes": 0.5193798449612403,
    "eval_runtime": 14.853,
    "eval_samples": 1301,
    "eval_samples_per_second": 87.592,
    "eval_steps_per_second": 10.974,
    "train_loss": 0.17265911680279356,
    "train_runtime": 474.9617,
    "train_samples": 5254,
    "train_samples_per_second": 33.186,
    "train_steps_per_second": 1.042
}