{
    "epoch": 3.0,
    "eval_accuracy": 0.9254419803619385,
    "eval_confusion_matrix_no_no": 1148,
    "eval_confusion_matrix_no_yes": 24,
    "eval_confusion_matrix_yes_no": 73,
    "eval_confusion_matrix_yes_yes": 56,
    "eval_fscore_no": 0.9594651065608023,
    "eval_fscore_yes": 0.5358851674641147,
    "eval_loss": 0.21579314768314362,
    "eval_precision_no": 0.9402129402129402,
    "eval_precision_yes": 0.7,
    "eval_recall_no": 0.9795221843003413,
    "eval_recall_yes": 0.43410852713178294,
    "eval_runtime": 14.8275,
    "eval_samples": 1301,
    "eval_samples_per_second": 87.742,
    "eval_steps_per_second": 10.993,
    "train_loss": 0.2408034045286853,
    "train_runtime": 477.2771,
    "train_samples": 5254,
    "train_samples_per_second": 33.025,
    "train_steps_per_second": 1.037
}