{
    "epoch": 3.0,
    "eval_accuracy": 0.9308224320411682,
    "eval_confusion_matrix_no_no": 1138,
    "eval_confusion_matrix_no_yes": 34,
    "eval_confusion_matrix_yes_no": 56,
    "eval_confusion_matrix_yes_yes": 73,
    "eval_fscore_no": 0.9619611158072696,
    "eval_fscore_yes": 0.6186440677966103,
    "eval_loss": 0.21094653010368347,
    "eval_precision_no": 0.9530988274706867,
    "eval_precision_yes": 0.6822429906542056,
    "eval_recall_no": 0.9709897610921502,
    "eval_recall_yes": 0.5658914728682171,
    "eval_runtime": 14.5998,
    "eval_samples": 1301,
    "eval_samples_per_second": 89.111,
    "eval_steps_per_second": 11.165
}